{"blls":[[66.2466365898498,134.52790585526492,44.808891871534556,"test1!!"],[77.45857046646803,485.44076030574473,33.95915021186078,"radi!"],[126.56810693546328,217.1038887866732,49.51469003405704,"loool"],[313.75224817727917,477.75254196088343,41.73604091158607,"proveraa"],[79.2048467897929,468.3534710340732,41.154278877914535,"asaasf"],[154.45820694921852,64.91403679809599,34.94091607458091,"afasfffff"],[149.49951532131502,71.72629778004891,49.924423056911394,"radi i na telefonuuu"]],"pts":[[1665416998088,0],[1665417009400,1],[1665417199162,2],[1665417425602,3],[1665418348786,4],[1665418357812,5],[1665418367815,6],[1665419266190,7]]}