{"blls":[[255.81873705756036,368.025180509668,43.836839438805484,"asdfasdf"],[310.4415817144046,251.60000210211913,40.13144612289684,"asfasf"],[253.2012223016357,497.15085171537976,39.390268470864555,"loool"]],"pts":[[1665572876049,0],[1665572881011,1],[1665575202853,2],[1665575206662,3]]}