{"blls":[[14.529405390995898,190.26473415220053,39.79080477616928,"asdfasdf"],[368.52791194811664,239.90791666787115,47.99783586583814,"asfasf"],[350.2985863953153,393.64028073205264,34.15730174117017,"asdfsdf"],[288.6880744341116,36.72346135814014,39.42789356618986,"asdfasdff"]],"pts":[[1665501290999,0],[1665501302682,1],[1665501304814,2],[1665501307380,3],[1665501309929,4],[1665501314263,3],[1665501350815,4],[1665501538130,5],[1665501665363,4],[1665501665945,3],[1665501680015,4]]}